Path,Gender,Age,Label
../Data part 2/No Face Mask/29_0_0_20170116192103987.jpg.chip.jpg,male,young,No Face Mask
../Data part 2/N-95_Mask/N95_Mask1367.jpg,female,young,N-95_Mask
../Data part 2/N-95_Mask/23.jpg,female,young,N-95_Mask
../Data part 2/Mask worn incorrectly/35200_Mask_Mouth_Chin.jpg,male,old,Mask worn incorrectly
../Data part 2/No Face Mask/29_0_0_20170117180936418.jpg.chip.jpg,male,young,No Face Mask
../Data part 2/Mask worn incorrectly/35181_Mask_Mouth_Chin.jpg,male,old,Mask worn incorrectly
../Data part 2/Cloth mask/Clothing_Mask69.jpg,female,old,Cloth mask
../Data part 2/Surgical Mask/Surgical_Mask303.jpg,male,young,Surgical Mask
../Data part 2/Mask worn incorrectly/35059_Mask_Mouth_Chin.jpg,male,young,Mask worn incorrectly
../Data part 2/N-95_Mask/65.jpeg,female,young,N-95_Mask
../Data part 2/No Face Mask/23_0_3_20170119163804981.jpg.chip.jpg,male,old,No Face Mask
../Data part 2/Mask worn incorrectly/35391_Mask_Mouth_Chin.jpg,female,young,Mask worn incorrectly
../Data part 2/No Face Mask/22_1_4_20170117193939053.jpg.chip.jpg,female,old,No Face Mask
../Data part 2/No Face Mask/27_1_0_20170117144358667.jpg.chip.jpg,female,young,No Face Mask
../Data part 2/Cloth mask/Clothing_Mask332.jpg,female,young,Cloth mask
../Data part 2/N-95_Mask/N95_Mask1161.jpg,male,old,N-95_Mask
../Data part 2/Mask worn incorrectly/35334_Mask_Mouth_Chin.jpg,female,young,Mask worn incorrectly
../Data part 2/Mask worn incorrectly/35054_Mask_Mouth_Chin.jpg,female,young,Mask worn incorrectly
../Data part 2/Cloth mask/Clothing_Mask144.jpg,female,old,Cloth mask
../Data part 2/No Face Mask/26_1_1_20170116233613793.jpg.chip.jpg,female,old,No Face Mask
../Data part 2/No Face Mask/26_1_1_20170116160835715.jpg.chip.jpg,female,young,No Face Mask
../Data part 2/Cloth mask/Clothing_Mask348.jpg,male,old,Cloth mask
../Data part 2/Mask worn incorrectly/35328_Mask_Mouth_Chin.jpg,male,young,Mask worn incorrectly
../Data part 2/Mask worn incorrectly/35077_Mask_Mouth_Chin.jpg,male,young,Mask worn incorrectly
../Data part 2/No Face Mask/26_0_3_20170119184330719.jpg.chip.jpg,male,old,No Face Mask
../Data part 2/Mask worn incorrectly/35423_Mask_Mouth_Chin.jpg,female,young,Mask worn incorrectly
../Data part 2/N-95_Mask/N95_Mask1150.jpg,male,old,N-95_Mask
../Data part 2/Cloth mask/Clothing_Mask47.jpg,female,young,Cloth mask
../Data part 2/No Face Mask/25_1_1_20170113001941650.jpg.chip.jpg,female,young,No Face Mask
../Data part 2/No Face Mask/28_1_2_20170116165117020.jpg.chip.jpg,female,young,No Face Mask
../Data part 2/Surgical Mask/Surgical_Mask282.jpg,female,old,Surgical Mask
../Data part 2/No Face Mask/29_0_0_20170117180900108.jpg.chip.jpg,male,young,No Face Mask
../Data part 2/Mask worn incorrectly/35023_Mask_Mouth_Chin.jpg,female,young,Mask worn incorrectly
../Data part 2/Cloth mask/Clothing_Mask286.jpg,female,young,Cloth mask
../Data part 2/Surgical Mask/Surgical_Mask634.jpg,female,young,Surgical Mask
../Data part 2/Cloth mask/Clothing_Mask195.jpg,female,young,Cloth mask
../Data part 2/Mask worn incorrectly/35094_Mask_Mouth_Chin.jpg,male,old,Mask worn incorrectly
../Data part 2/N-95_Mask/N95_Mask1314.jpg,male,old,N-95_Mask
../Data part 2/Surgical Mask/Surgical_Mask108.jpg,male,young,Surgical Mask
../Data part 2/Cloth mask/Clothing_Mask233.jpg,female,young,Cloth mask
../Data part 2/Cloth mask/Clothing_Mask326.jpg,female,young,Cloth mask
../Data part 2/N-95_Mask/N95_Mask1196.jpg,female,young,N-95_Mask
../Data part 2/Surgical Mask/Surgical_Mask121.jpg,male,young,Surgical Mask
../Data part 2/N-95_Mask/N95_Mask1320.jpg,female,young,N-95_Mask
../Data part 2/Cloth mask/Clothing_Mask256.jpg,male,young,Cloth mask
../Data part 2/Surgical Mask/Surgical_Mask589.jpg,female,old,Surgical Mask
../Data part 2/N-95_Mask/N95_Mask1226.jpg,female,old,N-95_Mask
../Data part 2/Cloth mask/Clothing_Mask381.jpg,male,old,Cloth mask
../Data part 2/Mask worn incorrectly/35224_Mask_Mouth_Chin.jpg,male,old,Mask worn incorrectly
../Data part 2/No Face Mask/22_1_3_20170119163636742.jpg.chip.jpg,female,old,No Face Mask
../Data part 2/Cloth mask/Clothing_Mask245.jpg,female,old,Cloth mask
../Data part 2/No Face Mask/27_0_0_20170104201504434.jpg.chip.jpg,male,old,No Face Mask
../Data part 2/Surgical Mask/Surgical_Mask35.jpg,female,old,Surgical Mask
../Data part 2/Mask worn incorrectly/35285_Mask_Mouth_Chin.jpg,female,old,Mask worn incorrectly
../Data part 2/Surgical Mask/Surgical_Mask302.jpg,male,young,Surgical Mask
../Data part 2/No Face Mask/26_0_1_20170113134737474.jpg.chip.jpg,male,young,No Face Mask
../Data part 2/Surgical Mask/Surgical_Mask642.jpg,male,old,Surgical Mask
../Data part 2/Surgical Mask/Surgical_Mask133.jpg,female,old,Surgical Mask
../Data part 2/No Face Mask/27_0_2_20170116165216481.jpg.chip.jpg,male,old,No Face Mask
../Data part 2/No Face Mask/24_0_2_20170103223924087.jpg.chip.jpg,male,old,No Face Mask
../Data part 2/Cloth mask/Clothing_Mask147.jpg,male,young,Cloth mask
../Data part 2/Mask worn incorrectly/35267_Mask_Mouth_Chin.jpg,female,young,Mask worn incorrectly
../Data part 2/Mask worn incorrectly/35359_Mask_Mouth_Chin.jpg,male,young,Mask worn incorrectly
../Data part 2/N-95_Mask/N95_Mask1205.jpg,male,old,N-95_Mask
../Data part 2/No Face Mask/36_0_1_20170117163449077.jpg.chip.jpg,male,old,No Face Mask
../Data part 2/No Face Mask/22_1_0_20170114033329650.jpg.chip.jpg,female,old,No Face Mask
../Data part 2/Mask worn incorrectly/35150_Mask_Mouth_Chin.jpg,female,young,Mask worn incorrectly
../Data part 2/Mask worn incorrectly/35269_Mask_Mouth_Chin.jpg,female,young,Mask worn incorrectly
../Data part 2/No Face Mask/26_0_3_20170104230341769.jpg.chip.jpg,male,young,No Face Mask
../Data part 2/N-95_Mask/77.jpg,female,young,N-95_Mask
../Data part 2/Surgical Mask/Surgical_Mask219.jpg,female,young,Surgical Mask
../Data part 2/No Face Mask/27_1_0_20170103183523123.jpg.chip.jpg,female,old,No Face Mask
../Data part 2/Surgical Mask/Surgical_Mask256.jpg,male,old,Surgical Mask
../Data part 2/Cloth mask/Clothing_Mask295.jpg,female,young,Cloth mask
../Data part 2/N-95_Mask/N95_Mask1291.jpg,female,young,N-95_Mask
../Data part 2/Cloth mask/Clothing_Mask13.jpg,male,old,Cloth mask
../Data part 2/Surgical Mask/Surgical_Mask24.jpg,female,young,Surgical Mask
../Data part 2/Mask worn incorrectly/35108_Mask_Mouth_Chin.jpg,female,young,Mask worn incorrectly
../Data part 2/Surgical Mask/Surgical_Mask288.jpg,female,old,Surgical Mask
../Data part 2/Cloth mask/Clothing_Mask310.jpg,female,old,Cloth mask
../Data part 2/Surgical Mask/Surgical_Mask301.jpg,female,old,Surgical Mask
../Data part 2/Mask worn incorrectly/35228_Mask_Mouth_Chin.jpg,male,old,Mask worn incorrectly
../Data part 2/Mask worn incorrectly/35281_Mask_Mouth_Chin.jpg,female,old,Mask worn incorrectly
../Data part 2/No Face Mask/25_0_0_20170117190909786.jpg.chip.jpg,male,young,No Face Mask
../Data part 2/N-95_Mask/N95_Mask1139.jpg,female,young,N-95_Mask
../Data part 2/Mask worn incorrectly/35384_Mask_Mouth_Chin.jpg,female,young,Mask worn incorrectly
../Data part 2/Surgical Mask/Surgical_Mask255.jpg,female,young,Surgical Mask
../Data part 2/Surgical Mask/Surgical_Mask57.jpg,female,old,Surgical Mask
../Data part 2/No Face Mask/26_0_1_20170117200051836.jpg.chip.jpg,male,young,No Face Mask
../Data part 2/Mask worn incorrectly/35243_Mask_Mouth_Chin.jpg,female,old,Mask worn incorrectly
../Data part 2/No Face Mask/28_1_2_20170116164230103.jpg.chip.jpg,female,young,No Face Mask
../Data part 2/Mask worn incorrectly/35251_Mask_Mouth_Chin.jpg,female,old,Mask worn incorrectly
../Data part 2/Cloth mask/Clothing_Mask244.jpg,male,old,Cloth mask
../Data part 2/N-95_Mask/N95_Mask1172.jpg,male,young,N-95_Mask
../Data part 2/Mask worn incorrectly/35364_Mask_Mouth_Chin.jpg,female,old,Mask worn incorrectly
../Data part 2/N-95_Mask/N95_Mask1279.jpg,female,old,N-95_Mask
../Data part 2/Surgical Mask/Surgical_Mask299.jpg,male,old,Surgical Mask
../Data part 2/Mask worn incorrectly/35255_Mask_Chin.jpg,female,old,Mask worn incorrectly
../Data part 2/N-95_Mask/N95_Mask1130.jpg,female,old,N-95_Mask
../Data part 2/N-95_Mask/N95_Mask1356.jpg,male,young,N-95_Mask
../Data part 2/No Face Mask/40_0_0_20170104205037859.jpg.chip.jpg,male,old,No Face Mask
../Data part 2/No Face Mask/19_1_0_20170104012012331.jpg.chip.jpg,female,young,No Face Mask
../Data part 2/No Face Mask/26_1_3_20170117153630883.jpg.chip.jpg,female,young,No Face Mask
../Data part 2/Surgical Mask/Surgical_Mask124.jpg,female,old,Surgical Mask
../Data part 2/Surgical Mask/Surgical_Mask174.jpg,female,young,Surgical Mask
../Data part 2/N-95_Mask/22.jpg,female,young,N-95_Mask
../Data part 2/Cloth mask/Clothing_Mask383.jpg,male,old,Cloth mask
../Data part 2/N-95_Mask/76.jpg,female,young,N-95_Mask
../Data part 2/No Face Mask/21_1_3_20170104222105039.jpg.chip.jpg,female,young,No Face Mask
../Data part 2/No Face Mask/25_1_3_20170119172138225.jpg.chip.jpg,female,young,No Face Mask
../Data part 2/Cloth mask/Clothing_Mask235.jpg,male,old,Cloth mask
../Data part 2/Cloth mask/Clothing_Mask10.jpg,female,old,Cloth mask
../Data part 2/Mask worn incorrectly/35147_Mask_Chin.jpg,female,old,Mask worn incorrectly
../Data part 2/No Face Mask/27_0_4_20170103235026964.jpg.chip.jpg,male,young,No Face Mask
../Data part 2/No Face Mask/27_0_0_20170117192017055.jpg.chip.jpg,male,old,No Face Mask
../Data part 2/No Face Mask/26_0_0_20170117172613381.jpg.chip.jpg,male,old,No Face Mask
../Data part 2/No Face Mask/26_0_4_20170117153017629.jpg.chip.jpg,male,young,No Face Mask
../Data part 2/No Face Mask/37_0_1_20170116205703656.jpg.chip.jpg,male,old,No Face Mask
../Data part 2/N-95_Mask/N95_Mask1137.jpg,female,young,N-95_Mask
../Data part 2/N-95_Mask/N95_Mask1362.jpg,female,young,N-95_Mask
../Data part 2/Cloth mask/Clothing_Mask387.jpg,female,old,Cloth mask
../Data part 2/N-95_Mask/3.jpg,female,old,N-95_Mask
../Data part 2/No Face Mask/26_0_3_20170104230305945.jpg.chip.jpg,male,young,No Face Mask
../Data part 2/Mask worn incorrectly/35358_Mask_Mouth_Chin.jpg,male,old,Mask worn incorrectly
../Data part 2/No Face Mask/36_0_4_20170103230431017.jpg.chip.jpg,male,old,No Face Mask
../Data part 2/Surgical Mask/Surgical_Mask14.jpg,female,young,Surgical Mask
../Data part 2/Surgical Mask/Surgical_Mask166.jpg,male,old,Surgical Mask
../Data part 2/Cloth mask/Clothing_Mask269.jpg,male,old,Cloth mask
../Data part 2/Cloth mask/Clothing_Mask151.jpg,male,young,Cloth mask
../Data part 2/Mask worn incorrectly/35098_Mask_Nose_Mouth.jpg,male,young,Mask worn incorrectly
../Data part 2/Surgical Mask/Surgical_Mask566.jpg,female,young,Surgical Mask
../Data part 2/N-95_Mask/N95_Mask1270.jpg,female,old,N-95_Mask
../Data part 2/N-95_Mask/N95_Mask1330.jpg,female,old,N-95_Mask
../Data part 2/N-95_Mask/68.jpg,female,old,N-95_Mask
../Data part 2/No Face Mask/28_0_3_20170119194511483.jpg.chip.jpg,male,old,No Face Mask
../Data part 2/Surgical Mask/Surgical_Mask206.jpg,female,young,Surgical Mask
../Data part 2/Surgical Mask/Surgical_Mask118.jpg,male,old,Surgical Mask
../Data part 2/N-95_Mask/N95_Mask1250.jpg,female,young,N-95_Mask
../Data part 2/Cloth mask/Clothing_Mask372.jpg,male,old,Cloth mask
../Data part 2/Surgical Mask/Surgical_Mask127.jpg,female,old,Surgical Mask
../Data part 2/No Face Mask/27_0_0_20170117175803620.jpg.chip.jpg,male,young,No Face Mask
../Data part 2/No Face Mask/26_0_3_20170119184129122.jpg.chip.jpg,male,old,No Face Mask
../Data part 2/N-95_Mask/80.jpeg,male,young,N-95_Mask
../Data part 2/No Face Mask/26_0_2_20170116175934531.jpg.chip.jpg,female,young,No Face Mask
../Data part 2/Surgical Mask/Surgical_Mask17.jpg,male,young,Surgical Mask
../Data part 2/N-95_Mask/N95_Mask1095.jpg,male,old,N-95_Mask
../Data part 2/N-95_Mask/N95_Mask1152.jpg,female,old,N-95_Mask
../Data part 2/Mask worn incorrectly/35252_Mask_Mouth_Chin.jpg,female,young,Mask worn incorrectly
../Data part 2/Mask worn incorrectly/35124_Mask_Mouth_Chin.jpg,female,young,Mask worn incorrectly
../Data part 2/Mask worn incorrectly/35163_Mask_Chin.jpg,female,young,Mask worn incorrectly
../Data part 2/N-95_Mask/78.jpg,female,young,N-95_Mask
../Data part 2/Mask worn incorrectly/35040_Mask_Mouth_Chin.jpg,male,young,Mask worn incorrectly
../Data part 2/Mask worn incorrectly/35000_Mask_Nose_Mouth.jpg,female,old,Mask worn incorrectly
../Data part 2/Surgical Mask/Surgical_Mask89.jpg,female,old,Surgical Mask
../Data part 2/No Face Mask/26_0_0_20170117195907555.jpg.chip.jpg,male,old,No Face Mask
../Data part 2/N-95_Mask/N95_Mask1080.jpg,female,young,N-95_Mask
../Data part 2/Mask worn incorrectly/35103_Mask_Mouth_Chin.jpg,female,old,Mask worn incorrectly
../Data part 2/Surgical Mask/Surgical_Mask94.jpg,male,old,Surgical Mask
../Data part 2/No Face Mask/24_1_3_20170117150120578.jpg.chip.jpg,female,young,No Face Mask
../Data part 2/Surgical Mask/Surgical_Mask598.jpg,female,young,Surgical Mask
../Data part 2/No Face Mask/20_1_3_20170104222021392.jpg.chip.jpg,female,young,No Face Mask
../Data part 2/Cloth mask/Clothing_Mask171.jpg,female,young,Cloth mask
../Data part 2/Mask worn incorrectly/35320_Mask_Mouth_Chin.jpg,male,young,Mask worn incorrectly
../Data part 2/N-95_Mask/N95_Mask1110.jpg,female,young,N-95_Mask
../Data part 2/No Face Mask/38_1_0_20170117184855295.jpg.chip.jpg,female,young,No Face Mask
../Data part 2/Mask worn incorrectly/35317_Mask_Mouth_Chin.jpg,male,old,Mask worn incorrectly
../Data part 2/Mask worn incorrectly/35087_Mask_Mouth_Chin.jpg,female,old,Mask worn incorrectly
../Data part 2/Mask worn incorrectly/35286_Mask_Mouth_Chin.jpg,male,old,Mask worn incorrectly
../Data part 2/No Face Mask/28_0_3_20170119194507123.jpg.chip.jpg,male,old,No Face Mask
../Data part 2/Cloth mask/Clothing_Mask243.jpg,female,old,Cloth mask
../Data part 2/Surgical Mask/Surgical_Mask111.jpg,female,old,Surgical Mask
../Data part 2/Surgical Mask/Surgical_Mask109.jpg,male,young,Surgical Mask
../Data part 2/Cloth mask/Clothing_Mask93.jpg,female,old,Cloth mask
../Data part 2/No Face Mask/35_0_3_20170105172520740.jpg.chip.jpg,male,old,No Face Mask
../Data part 2/Mask worn incorrectly/35376_Mask_Mouth_Chin.jpg,female,young,Mask worn incorrectly
../Data part 2/N-95_Mask/N95_Mask1162.jpg,female,old,N-95_Mask
../Data part 2/No Face Mask/35_1_0_20170116201620219.jpg.chip.jpg,female,old,No Face Mask
../Data part 2/N-95_Mask/N95_Mask1223.jpg,female,young,N-95_Mask
../Data part 2/Mask worn incorrectly/35291_Mask_Chin.jpg,female,young,Mask worn incorrectly
../Data part 2/N-95_Mask/17.jpg,male,young,N-95_Mask
../Data part 2/No Face Mask/26_1_1_20170116153459393.jpg.chip.jpg,female,old,No Face Mask
../Data part 2/Mask worn incorrectly/35273_Mask_Mouth_Chin.jpg,male,old,Mask worn incorrectly
../Data part 2/Surgical Mask/Surgical_Mask49.jpg,female,young,Surgical Mask
../Data part 2/N-95_Mask/N95_Mask1104.jpg,male,young,N-95_Mask
../Data part 2/No Face Mask/24_1_1_20170112204507818.jpg.chip.jpg,female,old,No Face Mask
../Data part 2/Cloth mask/Clothing_Mask189.jpg,female,young,Cloth mask
../Data part 2/Mask worn incorrectly/35110_Mask_Mouth_Chin.jpg,male,old,Mask worn incorrectly
../Data part 2/N-95_Mask/N95_Mask1115.jpg,female,young,N-95_Mask
../Data part 2/Surgical Mask/Surgical_Mask181.jpg,female,old,Surgical Mask
../Data part 2/N-95_Mask/N95_Mask1180.jpg,male,young,N-95_Mask
../Data part 2/Cloth mask/Clothing_Mask375.jpg,female,young,Cloth mask
../Data part 2/Cloth mask/Clothing_Mask359.jpg,female,young,Cloth mask
../Data part 2/Mask worn incorrectly/35378_Mask_Mouth_Chin.jpg,male,young,Mask worn incorrectly
../Data part 2/Mask worn incorrectly/35048_Mask_Mouth_Chin.jpg,male,young,Mask worn incorrectly
../Data part 2/N-95_Mask/N95_Mask1274.jpg,male,old,N-95_Mask
../Data part 2/Cloth mask/Clothing_Mask377.jpg,female,old,Cloth mask
../Data part 2/N-95_Mask/N95_Mask1212.jpg,female,young,N-95_Mask
../Data part 2/Surgical Mask/Surgical_Mask106.jpg,male,young,Surgical Mask
../Data part 2/Surgical Mask/Surgical_Mask60.jpg,male,young,Surgical Mask
../Data part 2/Mask worn incorrectly/35016_Mask_Mouth_Chin.jpg,male,old,Mask worn incorrectly
../Data part 2/N-95_Mask/N95_Mask1051.jpg,female,old,N-95_Mask
../Data part 2/Cloth mask/Clothing_Mask5.jpg,female,young,Cloth mask
../Data part 2/No Face Mask/29_0_0_20170117122023099.jpg.chip.jpg,male,young,No Face Mask
../Data part 2/N-95_Mask/N95_Mask1261.jpg,female,old,N-95_Mask
../Data part 2/N-95_Mask/N95_Mask1141.jpg,male,young,N-95_Mask
../Data part 2/Mask worn incorrectly/35171_Mask_Mouth_Chin.jpg,male,young,Mask worn incorrectly
../Data part 2/Mask worn incorrectly/35263_Mask_Mouth_Chin.jpg,male,young,Mask worn incorrectly
../Data part 2/Cloth mask/Clothing_Mask51.jpg,female,young,Cloth mask
../Data part 2/Surgical Mask/Surgical_Mask620.jpg,male,young,Surgical Mask
../Data part 2/Surgical Mask/Surgical_Mask77.jpg,female,young,Surgical Mask
../Data part 2/Mask worn incorrectly/35003_Mask_Mouth_Chin.jpg,male,old,Mask worn incorrectly
../Data part 2/Mask worn incorrectly/35419_Mask_Mouth_Chin.jpg,female,young,Mask worn incorrectly
../Data part 2/N-95_Mask/N95_Mask1341.jpg,male,young,N-95_Mask
../Data part 2/Cloth mask/Clothing_Mask268.jpg,female,young,Cloth mask
../Data part 2/Cloth mask/Clothing_Mask48.jpg,male,young,Cloth mask
../Data part 2/No Face Mask/36_1_0_20170105162608884.jpg.chip.jpg,female,young,No Face Mask
../Data part 2/Surgical Mask/Surgical_Mask98.jpg,male,old,Surgical Mask
../Data part 2/No Face Mask/23_0_0_20170117144116074.jpg.chip.jpg,male,young,No Face Mask
../Data part 2/Mask worn incorrectly/35010_Mask_Mouth_Chin.jpg,male,old,Mask worn incorrectly
../Data part 2/Cloth mask/Clothing_Mask378.jpg,female,young,Cloth mask
../Data part 2/N-95_Mask/N95_Mask1072.jpg,female,young,N-95_Mask
../Data part 2/Surgical Mask/Surgical_Mask184.jpg,male,young,Surgical Mask
../Data part 2/Cloth mask/Clothing_Mask157.jpg,male,old,Cloth mask
../Data part 2/Cloth mask/Clothing_Mask37.jpg,male,old,Cloth mask
../Data part 2/Surgical Mask/Surgical_Mask586.jpg,female,young,Surgical Mask
../Data part 2/N-95_Mask/30.jpg,female,young,N-95_Mask
../Data part 2/N-95_Mask/86.jpg,female,young,N-95_Mask
../Data part 2/No Face Mask/40_0_1_20170117170632910.jpg.chip.jpg,male,old,No Face Mask
../Data part 2/N-95_Mask/N95_Mask1299.jpg,female,old,N-95_Mask
../Data part 2/Mask worn incorrectly/35410_Mask_Nose_Mouth.jpg,female,young,Mask worn incorrectly
../Data part 2/Mask worn incorrectly/35195_Mask_Mouth_Chin.jpg,female,old,Mask worn incorrectly
../Data part 2/N-95_Mask/N95_Mask1086.jpg,female,young,N-95_Mask
../Data part 2/Cloth mask/Clothing_Mask365.jpg,male,young,Cloth mask
../Data part 2/Cloth mask/Clothing_Mask292.jpg,female,old,Cloth mask
../Data part 2/Mask worn incorrectly/35355_Mask_Mouth_Chin.jpg,female,old,Mask worn incorrectly
../Data part 2/Mask worn incorrectly/35004_Mask_Mouth_Chin.jpg,female,young,Mask worn incorrectly
../Data part 2/No Face Mask/28_1_1_20170116234825295.jpg.chip.jpg,female,young,No Face Mask
../Data part 2/Cloth mask/Clothing_Mask97.jpg,male,young,Cloth mask
../Data part 2/Surgical Mask/Surgical_Mask248.jpg,male,young,Surgical Mask
../Data part 2/Surgical Mask/Surgical_Mask624.jpg,female,old,Surgical Mask
../Data part 2/No Face Mask/23_1_3_20170119152429983.jpg.chip.jpg,female,young,No Face Mask
../Data part 2/N-95_Mask/2.jpg,male,old,N-95_Mask
../Data part 2/No Face Mask/28_0_1_20170113134036488.jpg.chip.jpg,male,old,No Face Mask
../Data part 2/Surgical Mask/Surgical_Mask556.jpg,female,young,Surgical Mask
../Data part 2/No Face Mask/35_0_3_20170119201449076.jpg.chip.jpg,male,old,No Face Mask
../Data part 2/N-95_Mask/N95_Mask1368.jpg,female,young,N-95_Mask
../Data part 2/Surgical Mask/Surgical_Mask271.jpg,female,young,Surgical Mask
../Data part 2/Cloth mask/Clothing_Mask194.jpg,female,young,Cloth mask
../Data part 2/Surgical Mask/Surgical_Mask630.jpg,male,old,Surgical Mask
../Data part 2/Surgical Mask/Surgical_Mask286.jpg,female,young,Surgical Mask
../Data part 2/Surgical Mask/Surgical_Mask215.jpg,male,young,Surgical Mask
../Data part 2/Surgical Mask/Surgical_Mask12.jpg,female,old,Surgical Mask
../Data part 2/Surgical Mask/Surgical_Mask128.jpg,female,young,Surgical Mask
../Data part 2/N-95_Mask/N95_Mask1361.jpg,female,young,N-95_Mask
../Data part 2/N-95_Mask/N95_Mask1333.jpg,female,young,N-95_Mask
../Data part 2/No Face Mask/28_0_0_20170113132654464.jpg.chip.jpg,male,young,No Face Mask
../Data part 2/Cloth mask/Clothing_Mask73.jpg,female,young,Cloth mask
../Data part 2/No Face Mask/35_1_0_20170117191336914.jpg.chip.jpg,female,young,No Face Mask
../Data part 2/Surgical Mask/Surgical_Mask64.jpg,female,old,Surgical Mask
../Data part 2/Cloth mask/Clothing_Mask330.jpg,female,old,Cloth mask
../Data part 2/Cloth mask/Clothing_Mask143.jpg,male,young,Cloth mask
../Data part 2/Cloth mask/Clothing_Mask117.jpg,female,young,Cloth mask
../Data part 2/N-95_Mask/N95_Mask1357.jpg,male,young,N-95_Mask
../Data part 2/Mask worn incorrectly/35096_Mask_Mouth_Chin.jpg,female,young,Mask worn incorrectly
../Data part 2/N-95_Mask/N95_Mask1011.jpg,male,young,N-95_Mask
../Data part 2/N-95_Mask/N95_Mask1217.jpg,male,old,N-95_Mask
../Data part 2/N-95_Mask/N95_Mask1325.jpg,male,young,N-95_Mask
../Data part 2/Mask worn incorrectly/35182_Mask_Mouth_Chin.jpg,male,old,Mask worn incorrectly
../Data part 2/Mask worn incorrectly/35392_Mask_Nose_Mouth.jpg,female,young,Mask worn incorrectly
../Data part 2/No Face Mask/28_1_2_20170116171528109.jpg.chip.jpg,female,young,No Face Mask
../Data part 2/N-95_Mask/N95_Mask1025.jpg,male,young,N-95_Mask
../Data part 2/N-95_Mask/N95_Mask1293.jpg,female,young,N-95_Mask
../Data part 2/Mask worn incorrectly/35070_Mask_Mouth_Chin.jpg,female,young,Mask worn incorrectly
../Data part 2/Cloth mask/Clothing_Mask311.jpg,male,old,Cloth mask
../Data part 2/Surgical Mask/Surgical_Mask244.jpg,male,young,Surgical Mask
../Data part 2/Cloth mask/Clothing_Mask178.jpg,male,old,Cloth mask
../Data part 2/Mask worn incorrectly/35208_Mask_Nose_Mouth.jpg,female,old,Mask worn incorrectly
../Data part 2/Surgical Mask/Surgical_Mask117.jpg,female,young,Surgical Mask
../Data part 2/No Face Mask/25_1_3_20170104232710103.jpg.chip.jpg,female,young,No Face Mask
../Data part 2/Mask worn incorrectly/35161_Mask_Mouth_Chin.jpg,female,young,Mask worn incorrectly
../Data part 2/Cloth mask/Clothing_Mask337.jpg,female,old,Cloth mask
../Data part 2/Surgical Mask/Surgical_Mask229.jpg,female,young,Surgical Mask
../Data part 2/No Face Mask/26_1_1_20170113011638655.jpg.chip.jpg,female,young,No Face Mask
../Data part 2/No Face Mask/26_0_3_20170117154604988.jpg.chip.jpg,male,young,No Face Mask
../Data part 2/Mask worn incorrectly/35404_Mask_Mouth_Chin.jpg,male,young,Mask worn incorrectly
../Data part 2/Cloth mask/Clothing_Mask142.jpg,male,young,Cloth mask
../Data part 2/No Face Mask/26_1_4_20170117200419213.jpg.chip.jpg,female,young,No Face Mask
../Data part 2/Cloth mask/Clothing_Mask111.jpg,male,young,Cloth mask
../Data part 2/Cloth mask/Clothing_Mask110.jpg,male,old,Cloth mask
../Data part 2/N-95_Mask/N95_Mask1125.jpg,female,old,N-95_Mask
../Data part 2/N-95_Mask/N95_Mask1149.jpg,female,young,N-95_Mask
../Data part 2/N-95_Mask/94.jfif,female,young,N-95_Mask
../Data part 2/Mask worn incorrectly/35033_Mask_Mouth_Chin.jpg,female,young,Mask worn incorrectly
../Data part 2/Surgical Mask/Surgical_Mask182.jpg,female,young,Surgical Mask
../Data part 2/Cloth mask/Clothing_Mask106.jpg,female,young,Cloth mask
../Data part 2/Cloth mask/Clothing_Mask99.jpg,female,young,Cloth mask
../Data part 2/Cloth mask/Clothing_Mask220.jpg,female,old,Cloth mask
../Data part 2/Surgical Mask/Surgical_Mask245.jpg,female,young,Surgical Mask
../Data part 2/Surgical Mask/Surgical_Mask291.jpg,male,young,Surgical Mask
../Data part 2/N-95_Mask/N95_Mask1322.jpg,male,young,N-95_Mask
../Data part 2/N-95_Mask/N95_Mask1156.jpg,male,old,N-95_Mask
../Data part 2/Mask worn incorrectly/35061_Mask_Mouth_Chin.jpg,male,young,Mask worn incorrectly
../Data part 2/Cloth mask/Clothing_Mask271.jpg,female,young,Cloth mask
../Data part 2/Surgical Mask/Surgical_Mask188.jpg,female,old,Surgical Mask
../Data part 2/Cloth mask/Clothing_Mask61.jpg,male,young,Cloth mask
../Data part 2/Cloth mask/Clothing_Mask148.jpg,female,young,Cloth mask
../Data part 2/N-95_Mask/N95_Mask1224.jpg,female,young,N-95_Mask
../Data part 2/Surgical Mask/Surgical_Mask274.jpg,male,young,Surgical Mask
../Data part 2/N-95_Mask/N95_Mask1215.jpg,female,old,N-95_Mask
../Data part 2/Mask worn incorrectly/35403_Mask_Mouth_Chin.jpg,male,old,Mask worn incorrectly
../Data part 2/Cloth mask/Clothing_Mask318.jpg,female,young,Cloth mask
../Data part 2/Surgical Mask/Surgical_Mask549.jpg,male,young,Surgical Mask
../Data part 2/Cloth mask/Clothing_Mask391.jpg,female,old,Cloth mask
../Data part 2/No Face Mask/28_1_3_20170119210052807.jpg.chip.jpg,female,young,No Face Mask
../Data part 2/Mask worn incorrectly/35049_Mask_Mouth_Chin.jpg,female,young,Mask worn incorrectly
../Data part 2/Surgical Mask/Surgical_Mask143.jpg,female,young,Surgical Mask
../Data part 2/N-95_Mask/N95_Mask1197.jpg,female,young,N-95_Mask
../Data part 2/N-95_Mask/N95_Mask1240.jpg,female,young,N-95_Mask
../Data part 2/Cloth mask/Clothing_Mask216.jpg,male,young,Cloth mask
../Data part 2/Cloth mask/Clothing_Mask155.jpg,female,young,Cloth mask
../Data part 2/N-95_Mask/N95_Mask1334.jpg,female,young,N-95_Mask
../Data part 2/N-95_Mask/N95_Mask1242.jpg,female,old,N-95_Mask
../Data part 2/N-95_Mask/N95_Mask1049.jpg,female,young,N-95_Mask
../Data part 2/Mask worn incorrectly/35119_Mask_Chin.jpg,male,old,Mask worn incorrectly
../Data part 2/Mask worn incorrectly/35242_Mask_Mouth_Chin.jpg,male,young,Mask worn incorrectly
../Data part 2/Cloth mask/Clothing_Mask49.jpg,male,old,Cloth mask
../Data part 2/Cloth mask/Clothing_Mask22.jpg,female,old,Cloth mask
../Data part 2/No Face Mask/23_1_3_20170104222308327.jpg.chip.jpg,female,young,No Face Mask
../Data part 2/Surgical Mask/Surgical_Mask616.jpg,male,old,Surgical Mask
../Data part 2/Surgical Mask/Surgical_Mask609.jpg,male,young,Surgical Mask
../Data part 2/Cloth mask/Clothing_Mask179.jpg,male,old,Cloth mask
../Data part 2/No Face Mask/39_0_3_20170119203958183.jpg.chip.jpg,male,young,No Face Mask
../Data part 2/Surgical Mask/Surgical_Mask621.jpg,female,old,Surgical Mask
../Data part 2/No Face Mask/38_0_0_20170105171807556.jpg.chip.jpg,male,young,No Face Mask
../Data part 2/Cloth mask/Clothing_Mask251.jpg,female,young,Cloth mask
../Data part 2/No Face Mask/26_1_2_20170116180214166.jpg.chip.jpg,female,young,No Face Mask
../Data part 2/N-95_Mask/N95_Mask1355.jpg,female,young,N-95_Mask
../Data part 2/N-95_Mask/27.jpg,male,old,N-95_Mask
../Data part 2/Cloth mask/Clothing_Mask90.jpg,female,old,Cloth mask
../Data part 2/Cloth mask/Clothing_Mask68.jpg,female,old,Cloth mask
../Data part 2/Mask worn incorrectly/35105_Mask_Mouth_Chin.jpg,female,young,Mask worn incorrectly
../Data part 2/No Face Mask/38_1_3_20170105002602973.jpg.chip.jpg,female,young,No Face Mask
../Data part 2/No Face Mask/24_1_1_20170112234357224.jpg.chip.jpg,female,young,No Face Mask
../Data part 2/Surgical Mask/Surgical_Mask562.jpg,female,old,Surgical Mask
../Data part 2/Surgical Mask/Surgical_Mask97.jpg,male,young,Surgical Mask
../Data part 2/N-95_Mask/44.jpg,male,old,N-95_Mask
../Data part 2/Surgical Mask/Surgical_Mask56.jpg,female,young,Surgical Mask
../Data part 2/N-95_Mask/N95_Mask1050.jpg,male,old,N-95_Mask
../Data part 2/Mask worn incorrectly/35415_Mask_Mouth_Chin.jpg,male,young,Mask worn incorrectly
../Data part 2/No Face Mask/37_0_3_20170119194851635.jpg.chip.jpg,male,young,No Face Mask
../Data part 2/Cloth mask/Clothing_Mask163.jpg,male,old,Cloth mask
../Data part 2/N-95_Mask/N95_Mask1200.jpg,female,young,N-95_Mask
../Data part 2/Mask worn incorrectly/35259_Mask_Mouth_Chin.jpg,female,young,Mask worn incorrectly
../Data part 2/No Face Mask/24_1_2_20170116170010620.jpg.chip.jpg,female,young,No Face Mask
../Data part 2/No Face Mask/25_1_3_20170117142157226.jpg.chip.jpg,male,young,No Face Mask
../Data part 2/Cloth mask/Clothing_Mask397.jpg,female,young,Cloth mask
../Data part 2/Cloth mask/Clothing_Mask223.jpg,female,old,Cloth mask
../Data part 2/N-95_Mask/N95_Mask1187.jpg,male,old,N-95_Mask
../Data part 2/Mask worn incorrectly/35183_Mask_Mouth_Chin.jpg,male,young,Mask worn incorrectly
../Data part 2/Cloth mask/Clothing_Mask363.jpg,male,old,Cloth mask
../Data part 2/N-95_Mask/N95_Mask1077.jpg,female,old,N-95_Mask
../Data part 2/N-95_Mask/N95_Mask1372.jpg,female,young,N-95_Mask
../Data part 2/Cloth mask/Clothing_Mask342.jpg,male,old,Cloth mask
../Data part 2/Mask worn incorrectly/35278_Mask_Mouth_Chin.jpg,male,old,Mask worn incorrectly
../Data part 2/Mask worn incorrectly/35383_Mask_Mouth_Chin.jpg,male,young,Mask worn incorrectly
../Data part 2/No Face Mask/24_0_0_20170114024859274.jpg.chip.jpg,male,young,No Face Mask
../Data part 2/Mask worn incorrectly/35227_Mask_Chin.jpg,female,young,Mask worn incorrectly
../Data part 2/Cloth mask/Clothing_Mask84.jpg,female,young,Cloth mask
../Data part 2/N-95_Mask/N95_Mask1032.jpg,female,young,N-95_Mask
../Data part 2/Cloth mask/Clothing_Mask43.jpg,female,young,Cloth mask
../Data part 2/N-95_Mask/N95_Mask1159.jpg,male,young,N-95_Mask
../Data part 2/N-95_Mask/N95_Mask104.jpg,female,old,N-95_Mask
../Data part 2/Surgical Mask/Surgical_Mask54.jpg,male,old,Surgical Mask
../Data part 2/No Face Mask/36_1_4_20170112234015846.jpg.chip.jpg,female,old,No Face Mask
../Data part 2/Mask worn incorrectly/35091_Mask_Mouth_Chin.jpg,male,old,Mask worn incorrectly
../Data part 2/N-95_Mask/40.jpeg,female,old,N-95_Mask
../Data part 2/Surgical Mask/Surgical_Mask287.jpg,female,young,Surgical Mask
../Data part 2/No Face Mask/40_0_0_20170117175654041.jpg.chip.jpg,male,young,No Face Mask
../Data part 2/Mask worn incorrectly/35102_Mask_Chin.jpg,female,young,Mask worn incorrectly
../Data part 2/No Face Mask/22_0_4_20170103234043547.jpg.chip.jpg,male,young,No Face Mask
../Data part 2/Cloth mask/Clothing_Mask336.jpg,male,young,Cloth mask
../Data part 2/N-95_Mask/N95_Mask1238.jpg,female,young,N-95_Mask
../Data part 2/Surgical Mask/Surgical_Mask572.jpg,female,young,Surgical Mask
../Data part 2/Cloth mask/Clothing_Mask24.jpg,male,young,Cloth mask
../Data part 2/Mask worn incorrectly/35360_Mask_Mouth_Chin.jpg,female,old,Mask worn incorrectly
../Data part 2/Surgical Mask/Surgical_Mask78.jpg,female,old,Surgical Mask
../Data part 2/N-95_Mask/31.jpg,male,young,N-95_Mask
../Data part 2/Cloth mask/Clothing_Mask214.jpg,male,old,Cloth mask
../Data part 2/Cloth mask/Clothing_Mask395.jpg,female,young,Cloth mask
../Data part 2/Cloth mask/Clothing_Mask270.jpg,female,young,Cloth mask
../Data part 2/Mask worn incorrectly/35284_Mask_Mouth_Chin.jpg,male,old,Mask worn incorrectly
../Data part 2/N-95_Mask/N95_Mask1073.jpg,female,old,N-95_Mask
../Data part 2/No Face Mask/27_1_3_20170104223343215.jpg.chip.jpg,female,young,No Face Mask
../Data part 2/Mask worn incorrectly/35295_Mask_Mouth_Chin.jpg,female,young,Mask worn incorrectly
../Data part 2/Surgical Mask/Surgical_Mask644.jpg,female,old,Surgical Mask
../Data part 2/N-95_Mask/43.png,female,young,N-95_Mask
../Data part 2/N-95_Mask/N95_Mask1151.jpg,male,old,N-95_Mask
../Data part 2/No Face Mask/25_1_3_20170119172102729.jpg.chip.jpg,female,young,No Face Mask
../Data part 2/Mask worn incorrectly/35381_Mask_Mouth_Chin.jpg,female,old,Mask worn incorrectly
../Data part 2/Mask worn incorrectly/35131_Mask_Mouth_Chin.jpg,male,old,Mask worn incorrectly
../Data part 2/Mask worn incorrectly/35122_Mask_Nose_Mouth.jpg,female,young,Mask worn incorrectly
../Data part 2/N-95_Mask/N95_Mask1038.jpg,female,young,N-95_Mask
../Data part 2/Mask worn incorrectly/35126_Mask_Mouth_Chin.jpg,female,young,Mask worn incorrectly
../Data part 2/Cloth mask/Clothing_Mask208.jpg,male,old,Cloth mask
../Data part 2/Mask worn incorrectly/35066_Mask_Nose_Mouth.jpg,female,young,Mask worn incorrectly
../Data part 2/Surgical Mask/Surgical_Mask99.jpg,female,young,Surgical Mask
../Data part 2/N-95_Mask/N95_Mask1176.jpg,female,young,N-95_Mask
../Data part 2/Mask worn incorrectly/35192_Mask_Mouth_Chin.jpg,male,old,Mask worn incorrectly
../Data part 2/Mask worn incorrectly/35262_Mask_Mouth_Chin.jpg,male,old,Mask worn incorrectly
../Data part 2/No Face Mask/29_0_0_20170117180942324.jpg.chip.jpg,male,young,No Face Mask
../Data part 2/No Face Mask/26_0_2_20170116175845872.jpg.chip.jpg,male,young,No Face Mask
../Data part 2/N-95_Mask/N95_Mask1135.jpg,female,young,N-95_Mask
../Data part 2/No Face Mask/26_1_0_20170119192656049.jpg.chip.jpg,female,young,No Face Mask
../Data part 2/Mask worn incorrectly/35274_Mask_Mouth_Chin.jpg,female,old,Mask worn incorrectly
../Data part 2/No Face Mask/39_1_4_20170105001146812.jpg.chip.jpg,female,old,No Face Mask
../Data part 2/N-95_Mask/N95_Mask1002.jpg,female,young,N-95_Mask
../Data part 2/Surgical Mask/Surgical_Mask156.jpg,female,old,Surgical Mask
../Data part 2/Mask worn incorrectly/35129_Mask_Mouth_Chin.jpg,female,old,Mask worn incorrectly
../Data part 2/Cloth mask/Clothing_Mask280.jpg,female,old,Cloth mask
../Data part 2/Cloth mask/Clothing_Mask325.jpg,male,old,Cloth mask
../Data part 2/No Face Mask/21_0_3_20170119154036769.jpg.chip.jpg,male,old,No Face Mask
../Data part 2/Mask worn incorrectly/35148_Mask_Chin.jpg,female,young,Mask worn incorrectly
../Data part 2/N-95_Mask/N95_Mask1056.jpg,male,old,N-95_Mask
../Data part 2/Cloth mask/Clothing_Mask350.jpg,male,old,Cloth mask
../Data part 2/Surgical Mask/Surgical_Mask559.jpg,female,young,Surgical Mask
../Data part 2/Mask worn incorrectly/35155_Mask_Mouth_Chin.jpg,male,old,Mask worn incorrectly
../Data part 2/No Face Mask/26_0_3_20170104230356601.jpg.chip.jpg,male,young,No Face Mask
../Data part 2/No Face Mask/26_1_1_20170117100117876.jpg.chip.jpg,female,old,No Face Mask
../Data part 2/Mask worn incorrectly/35128_Mask_Mouth_Chin.jpg,female,young,Mask worn incorrectly
../Data part 2/Surgical Mask/Surgical_Mask278.jpg,male,old,Surgical Mask
../Data part 2/No Face Mask/20_1_4_20170103212722908.jpg.chip.jpg,female,young,No Face Mask
../Data part 2/Surgical Mask/Surgical_Mask163.jpg,male,old,Surgical Mask
../Data part 2/No Face Mask/25_1_3_20170104222218775.jpg.chip.jpg,female,old,No Face Mask
../Data part 2/N-95_Mask/N95_Mask1335.jpg,female,old,N-95_Mask
../Data part 2/N-95_Mask/N95_Mask1386.jpg,male,young,N-95_Mask
../Data part 2/Mask worn incorrectly/35044_Mask_Mouth_Chin.jpg,female,young,Mask worn incorrectly
../Data part 2/Mask worn incorrectly/35296_Mask_Mouth_Chin.jpg,male,old,Mask worn incorrectly
../Data part 2/Surgical Mask/Surgical_Mask105.jpg,male,young,Surgical Mask
../Data part 2/Cloth mask/Clothing_Mask146.jpg,female,young,Cloth mask
../Data part 2/Cloth mask/Clothing_Mask118.jpg,male,young,Cloth mask
../Data part 2/Surgical Mask/Surgical_Mask261.jpg,female,old,Surgical Mask
../Data part 2/Surgical Mask/Surgical_Mask76.jpg,female,young,Surgical Mask
../Data part 2/Cloth mask/Clothing_Mask181.jpg,female,old,Cloth mask
../Data part 2/Cloth mask/Clothing_Mask345.jpg,male,old,Cloth mask
../Data part 2/Mask worn incorrectly/35222_Mask_Mouth_Chin.jpg,male,old,Mask worn incorrectly
../Data part 2/Cloth mask/Clothing_Mask249.jpg,male,young,Cloth mask
../Data part 2/Mask worn incorrectly/35352_Mask_Nose_Mouth.jpg,female,old,Mask worn incorrectly
../Data part 2/Cloth mask/Clothing_Mask316.jpg,male,old,Cloth mask
../Data part 2/N-95_Mask/N95_Mask1331.jpg,female,young,N-95_Mask
../Data part 2/Surgical Mask/Surgical_Mask101.jpg,female,old,Surgical Mask
../Data part 2/Surgical Mask/Surgical_Mask643.jpg,female,young,Surgical Mask
../Data part 2/Surgical Mask/Surgical_Mask88.jpg,female,young,Surgical Mask
../Data part 2/N-95_Mask/N95_Mask1041.jpg,female,young,N-95_Mask
../Data part 2/Cloth mask/Clothing_Mask290.jpg,female,young,Cloth mask
../Data part 2/No Face Mask/35_0_3_20170119201343148.jpg.chip.jpg,male,old,No Face Mask
../Data part 2/Cloth mask/Clothing_Mask27.jpg,male,old,Cloth mask
../Data part 2/Surgical Mask/Surgical_Mask284.jpg,female,young,Surgical Mask
../Data part 2/Surgical Mask/Surgical_Mask122.jpg,female,old,Surgical Mask
../Data part 2/Surgical Mask/Surgical_Mask600.jpg,male,old,Surgical Mask
../Data part 2/Mask worn incorrectly/35157_Mask_Mouth_Chin.jpg,female,old,Mask worn incorrectly
../Data part 2/Surgical Mask/Surgical_Mask283.jpg,female,young,Surgical Mask
../Data part 2/No Face Mask/24_1_0_20170104021527253.jpg.chip.jpg,female,young,No Face Mask
../Data part 2/Surgical Mask/Surgical_Mask246.jpg,male,old,Surgical Mask
../Data part 2/Cloth mask/Clothing_Mask44.jpg,male,young,Cloth mask
../Data part 2/N-95_Mask/N95_Mask1043.jpg,male,old,N-95_Mask
../Data part 2/N-95_Mask/N95_Mask1007.jpg,male,young,N-95_Mask
../Data part 2/N-95_Mask/N95_Mask1366.jpg,male,old,N-95_Mask
../Data part 2/N-95_Mask/47.jpg,male,young,N-95_Mask
../Data part 2/N-95_Mask/N95_Mask1016.jpg,female,old,N-95_Mask
../Data part 2/No Face Mask/37_1_0_20170117140111378.jpg.chip.jpg,female,old,No Face Mask
../Data part 2/Mask worn incorrectly/35120_Mask_Mouth_Chin.jpg,male,young,Mask worn incorrectly
../Data part 2/N-95_Mask/N95_Mask1154.jpg,female,young,N-95_Mask
../Data part 2/Mask worn incorrectly/35327_Mask_Mouth_Chin.jpg,female,young,Mask worn incorrectly
../Data part 2/No Face Mask/38_0_1_20170116200942002.jpg.chip.jpg,male,old,No Face Mask
../Data part 2/Mask worn incorrectly/35166_Mask_Mouth_Chin.jpg,male,young,Mask worn incorrectly
../Data part 2/Surgical Mask/Surgical_Mask74.jpg,female,young,Surgical Mask
../Data part 2/Surgical Mask/Surgical_Mask230.jpg,male,young,Surgical Mask
../Data part 2/Surgical Mask/Surgical_Mask236.jpg,female,young,Surgical Mask
../Data part 2/N-95_Mask/N95_Mask1024.jpg,female,old,N-95_Mask
../Data part 2/Surgical Mask/Surgical_Mask70.jpg,female,young,Surgical Mask
../Data part 2/Mask worn incorrectly/35244_Mask_Mouth_Chin.jpg,male,old,Mask worn incorrectly
../Data part 2/No Face Mask/25_1_2_20170116162822749.jpg.chip.jpg,female,young,No Face Mask
../Data part 2/Mask worn incorrectly/35350_Mask_Mouth_Chin.jpg,female,young,Mask worn incorrectly
../Data part 2/Cloth mask/Clothing_Mask294.jpg,female,young,Cloth mask
../Data part 2/No Face Mask/21_1_3_20170105000657779.jpg.chip.jpg,female,young,No Face Mask
../Data part 2/Cloth mask/Clothing_Mask138.jpg,male,old,Cloth mask
../Data part 2/Cloth mask/Clothing_Mask191.jpg,male,old,Cloth mask
../Data part 2/No Face Mask/20_0_3_20170119153211097.jpg.chip.jpg,male,young,No Face Mask
../Data part 2/N-95_Mask/N95_Mask1303.jpg,male,old,N-95_Mask
../Data part 2/N-95_Mask/N95_Mask1243.jpg,female,young,N-95_Mask
../Data part 2/Surgical Mask/Surgical_Mask7.jpg,male,old,Surgical Mask
../Data part 2/Surgical Mask/Surgical_Mask557.jpg,female,old,Surgical Mask
../Data part 2/Surgical Mask/Surgical_Mask152.jpg,female,young,Surgical Mask
../Data part 2/No Face Mask/36_0_0_20170117183231302.jpg.chip.jpg,male,old,No Face Mask
../Data part 2/No Face Mask/26_1_3_20170119193115082.jpg.chip.jpg,female,young,No Face Mask
../Data part 2/N-95_Mask/N95_Mask1019.jpg,male,young,N-95_Mask
../Data part 2/N-95_Mask/N95_Mask1001.jpg,female,young,N-95_Mask
../Data part 2/Surgical Mask/Surgical_Mask565.jpg,female,old,Surgical Mask
../Data part 2/N-95_Mask/N95_Mask1235.jpg,male,old,N-95_Mask
../Data part 2/Mask worn incorrectly/35188_Mask_Mouth_Chin.jpg,male,young,Mask worn incorrectly
../Data part 2/Surgical Mask/Surgical_Mask150.jpg,male,old,Surgical Mask
../Data part 2/N-95_Mask/N95_Mask1061.jpg,female,old,N-95_Mask
../Data part 2/No Face Mask/26_1_0_20170103234817732.jpg.chip.jpg,female,young,No Face Mask
../Data part 2/Cloth mask/Clothing_Mask284.jpg,female,young,Cloth mask
../Data part 2/Cloth mask/Clothing_Mask341.jpg,male,old,Cloth mask
../Data part 2/No Face Mask/38_0_1_20170116193927383.jpg.chip.jpg,male,old,No Face Mask
../Data part 2/N-95_Mask/0003.jpg,male,old,N-95_Mask
../Data part 2/Surgical Mask/Surgical_Mask104.jpg,female,young,Surgical Mask
../Data part 2/Surgical Mask/Surgical_Mask272.jpg,male,young,Surgical Mask
../Data part 2/No Face Mask/38_0_2_20170104205949499.jpg.chip.jpg,male,young,No Face Mask
../Data part 2/N-95_Mask/52.jpg,male,young,N-95_Mask
../Data part 2/N-95_Mask/N95_Mask1339.jpg,male,old,N-95_Mask
../Data part 2/Surgical Mask/Surgical_Mask203.jpg,female,young,Surgical Mask
../Data part 2/Surgical Mask/Surgical_Mask591.jpg,male,old,Surgical Mask
../Data part 2/Mask worn incorrectly/35045_Mask_Mouth_Chin.jpg,female,young,Mask worn incorrectly
../Data part 2/Cloth mask/Clothing_Mask135.jpg,male,young,Cloth mask
../Data part 2/N-95_Mask/N95_Mask1055.jpg,female,young,N-95_Mask
../Data part 2/Cloth mask/Clothing_Mask67.jpg,female,young,Cloth mask
../Data part 2/Mask worn incorrectly/35234_Mask_Mouth_Chin.jpg,male,young,Mask worn incorrectly
